use_sim_time,sim_length,graph,algo_name,init_bots,init_locations,random_string,avg_idle,done,max_idle,discount_factor,eps_prob,lambda_priority,length_walk,max_divisions,priority_nodes,time_periods
True,20000,circle,conscientious_reactive,2,,arv9,95.3397217916021,0,219,,,,,,,
True,20000,iitb,conscientious_reactive,2,,arv39,212.309864438998,0,760,,,,,,,
True,20000,st_line_assym,conscientious_reactive,1,,arv35,68.4358933306649,0,186,,,,,,,
True,20000,grid_5_5,conscientious_reactive,2,,arv66,133.13651130226,0,545,,,,,,,
True,20000,circle,conscientious_reactive,6,,arv51,56.2885272403047,0,200,,,,,,,
True,20000,ladder,conscientious_reactive,2,,arv40,131.32815985595,0,439,,,,,,,
True,20000,ladder,conscientious_reactive,2,,arv12,193.693944697235,0,625,,,,,,,
True,20000,iitb,conscientious_reactive,1,,arv4,336.698080803028,0,1167,,,,,,,
True,20000,ladder,conscientious_reactive,1,,arv33,199.70400830166,0,717,,,,,,,
True,20000,grid_5_5,conscientious_reactive,1,,arv3,200.059786,0,583,,,,,,,
True,20000,cair,conscientious_reactive,1,,arv1,138.07798894168,0,401,,,,,,,
True,20000,circle,conscientious_reactive,1,,arv58,103.376932312772,0,215,,,,,,,
True,20000,cair,conscientious_reactive,6,,arv50,37.5533025524775,0,252,,,,,,,
True,20000,st_line_assym,conscientious_reactive,6,,arv28,44.8561971901405,0,173,,,,,,,
True,20000,cair,conscientious_reactive,2,,arv64,90.1632828257572,0,316,,,,,,,
True,20000,st_line,conscientious_reactive,6,,arv83,98.5149042547873,0,366,,,,,,,
True,20000,st_line_assym,conscientious_reactive,6,,arv56,45.633703370337,0,174,,,,,,,
True,20000,st_line_assym,conscientious_reactive,1,,arv7,68.4037635753966,0,185,,,,,,,
True,20000,iitb,conscientious_reactive,2,,arv67,204.934686937387,0,845,,,,,,,
True,20000,iitb,conscientious_reactive,2,,arv11,229.764056300223,0,1071,,,,,,,
True,20000,st_line_assym,conscientious_reactive,2,,arv70,63.0469711370117,0,189,,,,,,,
True,20000,cair,conscientious_reactive,2,,arv8,94.5173947475559,0,354,,,,,,,
True,20000,cair,conscientious_reactive,6,,arv22,35.9254638888889,0,246,,,,,,,
True,20000,iitb,conscientious_reactive,6,,arv81,89.0885945391809,0,626,,,,,,,
True,20000,st_line,conscientious_reactive,4,,arv76,94.0720422042204,0,347,,,,,,,
True,20000,st_line,conscientious_reactive,1,,arv62,117.23964473355,0,344,,,,,,,
True,20000,st_line_assym,conscientious_reactive,4,,arv49,49.2135,0,174,,,,,,,
True,20000,ladder,conscientious_reactive,4,,arv19,111.357470373519,0,432,,,,,,,
True,20000,iitb,conscientious_reactive,4,,arv18,114.769306097276,0,721,,,,,,,
True,20000,iitb,conscientious_reactive,1,,arv32,335.415239311531,0,1124,,,,,,,
True,20000,circle,conscientious_reactive,1,,arv30,102.317633031501,0,213,,,,,,,
True,20000,cair,conscientious_reactive,4,,arv15,47.4731416666667,0,249,,,,,,,
True,20000,st_line,conscientious_reactive,1,,arv34,117.315305,0,343,,,,,,,
True,20000,cair,conscientious_reactive,2,,arv36,90.6080415131868,0,348,,,,,,,
True,20000,st_line,conscientious_reactive,4,,arv20,91.3790879087909,0,348,,,,,,,
True,20000,grid_5_5,conscientious_reactive,2,,arv38,130.270463708669,0,479,,,,,,,
True,20000,st_line_assym,conscientious_reactive,1,,arv63,68.4358933306649,0,186,,,,,,,
True,20000,grid_5_5,conscientious_reactive,2,,arv10,139.211251125112,0,642,,,,,,,
True,20000,circle,conscientious_reactive,1,,arv2,103.376932312772,0,215,,,,,,,
True,20000,st_line_assym,conscientious_reactive,2,,arv42,64.5072807280728,0,189,,,,,,,
True,20000,st_line,conscientious_reactive,2,,arv41,113.428812881288,0,363,,,,,,,
True,20000,st_line,conscientious_reactive,4,,arv48,95.3254937253137,0,350,,,,,,,
True,20000,iitb,conscientious_reactive,6,,arv53,89.9854388552761,0,633,,,,,,,
True,20000,st_line_assym,conscientious_reactive,4,,arv77,49.6858342917146,0,174,,,,,,,
True,20000,st_line,conscientious_reactive,6,,arv27,98.1928892889289,0,368,,,,,,,
True,20000,iitb,conscientious_reactive,4,,arv46,113.733142907145,0,567,,,,,,,
True,20000,st_line_assym,conscientious_reactive,4,,arv21,52.2833058347083,0,176,,,,,,,
True,20000,ladder,conscientious_reactive,2,,arv68,129.274268567142,0,441,,,,,,,
True,20000,iitb,conscientious_reactive,6,,arv25,139.923414920746,0,685,,,,,,,
True,20000,ladder,conscientious_reactive,1,,arv61,203.700067523633,0,733,,,,,,,
True,20000,st_line,conscientious_reactive,6,,arv55,98.0615661566157,0,367,,,,,,,
True,20000,circle,conscientious_reactive,4,,arv44,59.3080391372471,0,205,,,,,,,
True,20000,ladder,conscientious_reactive,6,,arv26,78.9754225422542,0,429,,,,,,,
True,20000,ladder,conscientious_reactive,1,,arv5,199.051936452339,0,535,,,,,,,
True,20000,circle,conscientious_reactive,2,,arv37,70.2193203980597,0,212,,,,,,,
True,20000,grid_5_5,conscientious_reactive,1,,arv59,206.469923465559,0,777,,,,,,,
True,20000,grid_5_5,conscientious_reactive,4,,arv45,83.2595308827207,0,434,,,,,,,
True,20000,iitb,conscientious_reactive,1,,arv60,310.92475653276,0,1404,,,,,,,
True,20000,iitb,conscientious_reactive,4,,arv74,134.629839341366,0,648,,,,,,,
True,20000,ladder,conscientious_reactive,4,,arv75,88.6001500075004,0,424,,,,,,,
True,20000,grid_5_5,conscientious_reactive,6,,arv52,57.2835483548355,0,340,,,,,,,
True,20000,ladder,conscientious_reactive,6,,arv82,51.1747412370619,0,273,,,,,,,
True,20000,st_line_assym,conscientious_reactive,2,,arv14,64.5108277069267,0,188,,,,,,,
True,20000,circle,conscientious_reactive,4,,arv72,61.6342284676035,0,205,,,,,,,
True,20000,grid_5_5,conscientious_reactive,4,,arv17,84.269264,0,426,,,,,,,
True,20000,ladder,conscientious_reactive,6,,arv54,61.4286442966445,0,357,,,,,,,
True,20000,cair,conscientious_reactive,6,,arv78,41.3489456609895,0,242,,,,,,,
True,20000,cair,conscientious_reactive,4,,arv43,75.1937554866598,0,296,,,,,,,
True,20000,st_line_assym,conscientious_reactive,6,,arv84,46.2093609360936,0,175,,,,,,,
True,20000,st_line,conscientious_reactive,2,,arv13,111.353403010452,0,367,,,,,,,
True,20000,cair,conscientious_reactive,4,,arv71,61.1420441484023,0,261,,,,,,,
True,20000,ladder,conscientious_reactive,4,,arv47,91.8273052305231,0,434,,,,,,,
True,20000,st_line,conscientious_reactive,2,,arv69,117.591214560728,0,364,,,,,,,
True,20000,st_line,conscientious_reactive,1,,arv6,117.174424884977,0,343,,,,,,,
True,20000,circle,conscientious_reactive,2,,arv65,97.5616485751922,0,218,,,,,,,
True,20000,grid_5_5,conscientious_reactive,1,,arv31,207.592391239124,0,639,,,,,,,
True,20000,circle,conscientious_reactive,4,,arv16,62.4005741953764,0,205,,,,,,,
True,20000,cair,conscientious_reactive,1,,arv29,137.523930982746,0,490,,,,,,,
True,20000,cair,conscientious_reactive,1,,arv57,139.745051788135,0,547,,,,,,,
True,20000,circle,conscientious_reactive,6,,arv23,56.9470992748187,0,208,,,,,,,
True,20000,circle,conscientious_reactive,6,,arv79,56.9797875,0,207,,,,,,,
True,20000,grid_5_5,conscientious_reactive,6,,arv80,51.704734,0,319,,,,,,,
True,20000,grid_5_5,conscientious_reactive,4,,arv73,82.6454422721136,0,452,,,,,,,
True,20000,grid_5_5,conscientious_reactive,6,,arv24,55.401346,0,370,,,,,,,
True,20000,ladder,conscientious_cognitive,6,,brv54,58.672383619181,0,464,,,,,,,
True,20000,cair,conscientious_cognitive,2,,brv8,138.439892121899,0,488,,,,,,,
True,20000,iitb,conscientious_cognitive,6,,brv53,91.1757520833333,0,692,,,,,,,
True,20000,iitb,conscientious_cognitive,1,,brv32,332.283306661332,0,1076,,,,,,,
True,20000,iitb,conscientious_cognitive,6,,brv25,89.7590696569657,0,558,,,,,,,
True,20000,ladder,conscientious_cognitive,4,,brv75,92.2399705014749,0,516,,,,,,,
True,20000,iitb,conscientious_cognitive,2,,brv67,223.490236427321,0,962,,,,,,,
True,20000,st_line_assym,conscientious_cognitive,6,,brv28,46.0643032151608,0,174,,,,,,,
True,20000,grid_5_5,conscientious_cognitive,2,,brv10,132.746890689069,0,526,,,,,,,
True,20000,iitb,conscientious_cognitive,2,,brv39,232.416962603578,0,819,,,,,,,
True,20000,cair,conscientious_cognitive,4,,brv43,60.4339694444444,0,377,,,,,,,
True,20000,iitb,conscientious_cognitive,1,,brv4,355.625214712161,0,1020,,,,,,,
True,20000,st_line,conscientious_cognitive,2,,brv41,110.77603239676,0,361,,,,,,,
True,20000,st_line,conscientious_cognitive,1,,brv62,117.147514254276,0,392,,,,,,,
True,20000,st_line,conscientious_cognitive,2,,brv69,109.768148629726,0,469,,,,,,,
True,20000,st_line_assym,conscientious_cognitive,2,,brv42,65.3423013452018,0,189,,,,,,,
True,20000,grid_5_5,conscientious_cognitive,6,,brv80,56.118704,0,355,,,,,,,
True,20000,circle,conscientious_cognitive,6,,brv79,57.5193391350739,0,207,,,,,,,
True,20000,grid_5_5,conscientious_cognitive,1,,brv59,210.638853426713,0,646,,,,,,,
True,20000,circle,conscientious_cognitive,4,,brv72,81.6468406753671,0,200,,,,,,,
True,20000,iitb,conscientious_cognitive,4,,brv74,130.450363297004,0,681,,,,,,,
True,20000,cair,conscientious_cognitive,2,,brv64,96.175224361646,0,423,,,,,,,
True,20000,st_line_assym,conscientious_cognitive,2,,brv14,65.5025507652296,0,188,,,,,,,
True,20000,grid_5_5,conscientious_cognitive,1,,brv31,220.452923292329,0,604,,,,,,,
True,20000,cair,conscientious_cognitive,4,,brv71,54.2375459768199,0,348,,,,,,,
True,20000,ladder,conscientious_cognitive,1,,brv33,239.405320532053,0,946,,,,,,,
True,20000,ladder,conscientious_cognitive,6,,brv26,55.8369968561563,0,412,,,,,,,
True,20000,st_line,conscientious_cognitive,6,,brv55,98.5308319168083,0,368,,,,,,,
True,20000,circle,conscientious_cognitive,1,,brv30,103.181852296608,0,215,,,,,,,
True,20000,circle,conscientious_cognitive,6,,brv51,57.614393219661,0,207,,,,,,,
True,20000,st_line_assym,conscientious_cognitive,1,,brv7,68.4301690507152,0,186,,,,,,,
True,20000,st_line,conscientious_cognitive,2,,brv13,112.238606139386,0,364,,,,,,,
True,20000,st_line,conscientious_cognitive,1,,brv34,117.131653740305,0,345,,,,,,,
True,20000,circle,conscientious_cognitive,6,,brv23,56.2766443310998,0,204,,,,,,,
True,20000,st_line,conscientious_cognitive,1,,brv6,117.194193838768,0,343,,,,,,,
True,20000,circle,conscientious_cognitive,2,,brv9,70.1411448956458,0,213,,,,,,,
True,20000,st_line_assym,conscientious_cognitive,4,,brv49,50.5698630136986,0,176,,,,,,,
True,20000,st_line_assym,conscientious_cognitive,1,,brv63,68.4358933306649,0,186,,,,,,,
True,20000,ladder,conscientious_cognitive,1,,brv5,221.119549022549,0,574,,,,,,,
True,20000,cair,conscientious_cognitive,6,,brv78,38.0748297051927,0,273,,,,,,,
True,20000,grid_5_5,conscientious_cognitive,2,,brv66,137.163448862216,0,489,,,,,,,
True,20000,ladder,conscientious_cognitive,6,,brv82,63.5911404429779,0,514,,,,,,,
True,20000,ladder,conscientious_cognitive,4,,brv47,82.4705681590042,0,542,,,,,,,
True,20000,st_line_assym,conscientious_cognitive,6,,brv56,46.5469053094691,0,173,,,,,,,
True,20000,iitb,conscientious_cognitive,6,,brv81,85.9510270833333,0,649,,,,,,,
True,20000,cair,conscientious_cognitive,6,,brv22,39.5219777777778,0,312,,,,,,,
True,20000,circle,conscientious_cognitive,4,,brv44,62.3141291666667,0,208,,,,,,,
True,20000,ladder,conscientious_cognitive,4,,brv19,89.4361888811119,0,586,,,,,,,
True,20000,cair,conscientious_cognitive,4,,brv15,55.2885455212188,0,306,,,,,,,
True,20000,grid_5_5,conscientious_cognitive,4,,brv17,83.1479767976798,0,405,,,,,,,
True,20000,iitb,conscientious_cognitive,1,,brv60,342.090587230141,0,1250,,,,,,,
True,20000,grid_5_5,conscientious_cognitive,2,,brv38,132.518135813581,0,480,,,,,,,
True,20000,iitb,conscientious_cognitive,4,,brv18,126.1148375,0,712,,,,,,,
True,20000,cair,conscientious_cognitive,1,,brv29,157.636864091369,0,423,,,,,,,
True,20000,cair,conscientious_cognitive,1,,brv57,157.43858376684,0,441,,,,,,,
True,20000,grid_5_5,conscientious_cognitive,4,,brv73,79.9559784021598,0,407,,,,,,,
True,20000,circle,conscientious_cognitive,1,,brv2,103.425656414104,0,266,,,,,,,
True,20000,st_line_assym,conscientious_cognitive,4,,brv21,48.4891722930733,0,174,,,,,,,
True,20000,cair,conscientious_cognitive,2,,brv36,93.5602335672339,0,430,,,,,,,
True,20000,cair,conscientious_cognitive,1,,brv1,139.258974957355,0,384,,,,,,,
True,20000,circle,conscientious_cognitive,2,,brv65,100.321420833333,0,222,,,,,,,
True,20000,st_line_assym,conscientious_cognitive,6,,brv84,45.7805090254513,0,175,,,,,,,
True,20000,circle,conscientious_cognitive,2,,brv37,99.9616419975331,0,261,,,,,,,
True,20000,st_line,conscientious_cognitive,4,,brv76,101.078331749762,0,351,,,,,,,
True,20000,st_line_assym,conscientious_cognitive,1,,brv35,68.45427,0,185,,,,,,,
True,20000,grid_5_5,conscientious_cognitive,1,,brv3,208.226286457552,0,497,,,,,,,
True,20000,grid_5_5,conscientious_cognitive,6,,brv24,58.0956564343566,0,388,,,,,,,
True,20000,circle,conscientious_cognitive,1,,brv58,103.265534320592,0,214,,,,,,,
True,20000,ladder,conscientious_cognitive,2,,brv40,155.083302495374,0,816,,,,,,,
True,20000,st_line_assym,conscientious_cognitive,4,,brv77,51.591600839916,0,176,,,,,,,
True,20000,cair,conscientious_cognitive,6,,brv50,43.2372929373729,0,397,,,,,,,
True,20000,ladder,conscientious_cognitive,1,,brv61,217.28674,0,665,,,,,,,
True,20000,ladder,conscientious_cognitive,2,,brv68,141.60579721014,0,533,,,,,,,
True,20000,st_line,conscientious_cognitive,4,,brv48,93.43329,0,350,,,,,,,
True,20000,grid_5_5,conscientious_cognitive,6,,brv52,57.3001030051503,0,336,,,,,,,
True,20000,st_line,conscientious_cognitive,6,,brv27,96.7050444955504,0,368,,,,,,,
True,20000,circle,conscientious_cognitive,4,,brv16,41.1846882678404,0,171,,,,,,,
True,20000,iitb,conscientious_cognitive,4,,brv46,132.7103625,0,716,,,,,,,
True,20000,st_line_assym,conscientious_cognitive,2,,brv70,64.3893873468367,0,189,,,,,,,
True,20000,ladder,conscientious_cognitive,2,,brv12,151.83389080546,0,972,,,,,,,
True,20000,iitb,conscientious_cognitive,2,,brv11,241.099859159625,0,955,,,,,,,
True,20000,st_line,conscientious_cognitive,6,,brv83,99.0222588870556,0,366,,,,,,,
True,20000,grid_5_5,conscientious_cognitive,4,,brv45,79.5812813203301,0,391,,,,,,,
True,20000,circle,reactive_with_flags,4,,crv72,55.1804256879511,0,215,,,,,,,
True,20000,st_line_assym,reactive_with_flags,6,,crv56,22.9199419941994,0,176,,,,,,,
True,20000,iitb,reactive_with_flags,2,,crv67,300.934448500608,0,1377,,,,,,,
True,20000,cair,reactive_with_flags,1,,crv29,142.502701350675,0,392,,,,,,,
True,20000,st_line_assym,reactive_with_flags,2,,crv70,65.5379496672837,0,189,,,,,,,
True,20000,st_line_assym,reactive_with_flags,2,,crv14,65.4975333967079,0,189,,,,,,,
True,20000,circle,reactive_with_flags,6,,crv79,38.6619875,0,208,,,,,,,
True,20000,st_line_assym,reactive_with_flags,6,,crv28,22.58473,0,158,,,,,,,
True,20000,st_line_assym,reactive_with_flags,2,,crv42,65.6113411341134,0,188,,,,,,,
True,20000,st_line,reactive_with_flags,6,,crv83,43.19444,0,303,,,,,,,
True,20000,st_line_assym,reactive_with_flags,1,,crv35,68.4943866319792,0,184,,,,,,,
True,20000,grid_5_5,reactive_with_flags,1,,crv31,199.349430186603,0,692,,,,,,,
True,20000,cair,reactive_with_flags,4,,crv15,51.6055305555555,0,351,,,,,,,
True,20000,iitb,reactive_with_flags,2,,crv11,300.624626915445,0,1343,,,,,,,
True,20000,cair,reactive_with_flags,1,,crv1,141.571771065995,0,362,,,,,,,
True,20000,cair,reactive_with_flags,1,,crv57,135.569952362688,0,447,,,,,,,
True,20000,cair,reactive_with_flags,6,,crv78,36.1212777777778,0,240,,,,,,,
True,20000,grid_5_5,reactive_with_flags,2,,crv10,188.928835092282,0,838,,,,,,,
True,20000,st_line_assym,reactive_with_flags,1,,crv63,68.3858093570178,0,184,,,,,,,
True,20000,st_line,reactive_with_flags,6,,crv55,44.607190359518,0,322,,,,,,,
True,20000,grid_5_5,reactive_with_flags,2,,crv66,183.780764,0,735,,,,,,,
True,20000,ladder,reactive_with_flags,1,,crv61,199.250893125188,0,700,,,,,,,
True,20000,st_line_assym,reactive_with_flags,4,,crv49,33.9031903190319,0,177,,,,,,,
True,20000,ladder,reactive_with_flags,1,,crv5,204.062155401011,0,531,,,,,,,
True,20000,grid_5_5,reactive_with_flags,4,,crv73,88.226799379783,0,414,,,,,,,
True,20000,ladder,reactive_with_flags,6,,crv54,59.132365,0,380,,,,,,,
True,20000,cair,reactive_with_flags,2,,crv36,92.5517716546371,0,481,,,,,,,
True,20000,iitb,reactive_with_flags,4,,crv18,143.65699002735,0,726,,,,,,,
True,20000,st_line,reactive_with_flags,6,,crv27,46.0278427842784,0,343,,,,,,,
True,20000,circle,reactive_with_flags,2,,crv65,98.8128355173219,0,221,,,,,,,
True,20000,circle,reactive_with_flags,6,,crv51,37.6646582329116,0,189,,,,,,,
True,20000,ladder,reactive_with_flags,4,,crv19,84.6818565928296,0,488,,,,,,,
True,20000,iitb,reactive_with_flags,2,,crv39,322.411218109055,0,1219,,,,,,,
True,20000,iitb,reactive_with_flags,4,,crv46,149.642627884487,0,786,,,,,,,
True,20000,grid_5_5,reactive_with_flags,6,,crv24,65.6126866343317,0,398,,,,,,,
True,20000,circle,reactive_with_flags,4,,crv44,55.9407411111667,0,209,,,,,,,
True,20000,circle,reactive_with_flags,6,,crv23,38.8113147018632,0,190,,,,,,,
True,20000,circle,reactive_with_flags,2,,crv9,100.463795115446,0,220,,,,,,,
True,20000,iitb,reactive_with_flags,1,,crv60,316.99389578019,0,1127,,,,,,,
True,20000,circle,reactive_with_flags,1,,crv58,102.335333733413,0,214,,,,,,,
True,20000,iitb,reactive_with_flags,6,,crv25,103.45206426988,0,602,,,,,,,
True,20000,cair,reactive_with_flags,2,,crv64,94.2687926970795,0,497,,,,,,,
True,20000,iitb,reactive_with_flags,1,,crv32,307.323279166667,0,730,,,,,,,
True,20000,grid_5_5,reactive_with_flags,4,,crv17,88.2181849092455,0,413,,,,,,,
True,20000,st_line,reactive_with_flags,2,,crv13,119.221335,0,366,,,,,,,
True,20000,cair,reactive_with_flags,4,,crv43,52.3418611111111,0,266,,,,,,,
True,20000,ladder,reactive_with_flags,1,,crv33,199.551365614527,0,605,,,,,,,
True,20000,ladder,reactive_with_flags,4,,crv47,85.193265,0,532,,,,,,,
True,20000,st_line,reactive_with_flags,4,,crv48,62.0128137186281,0,354,,,,,,,
True,20000,ladder,reactive_with_flags,6,,crv26,57.19585,0,356,,,,,,,
True,20000,iitb,reactive_with_flags,4,,crv74,146.157628714769,0,738,,,,,,,
True,20000,ladder,reactive_with_flags,6,,crv82,58.7272277227723,0,368,,,,,,,
True,20000,st_line,reactive_with_flags,1,,crv34,117.040963433545,0,345,,,,,,,
True,20000,circle,reactive_with_flags,1,,crv30,103.369982155067,0,216,,,,,,,
True,20000,st_line,reactive_with_flags,1,,crv62,117.259951990398,0,341,,,,,,,
True,20000,grid_5_5,reactive_with_flags,2,,crv38,189.832711813544,0,587,,,,,,,
True,20000,cair,reactive_with_flags,4,,crv71,51.8155519992888,0,268,,,,,,,
True,20000,st_line,reactive_with_flags,4,,crv20,66.9457,0,350,,,,,,,
True,20000,grid_5_5,reactive_with_flags,1,,crv59,194.685776021608,0,571,,,,,,,
True,20000,circle,reactive_with_flags,4,,crv16,54.3132781639082,0,211,,,,,,,
True,20000,iitb,reactive_with_flags,1,,crv4,337.974865772931,0,1175,,,,,,,
True,20000,st_line_assym,reactive_with_flags,4,,crv77,34.83822,0,178,,,,,,,
True,20000,cair,reactive_with_flags,6,,crv22,36.15025,0,215,,,,,,,
True,20000,grid_5_5,reactive_with_flags,1,,crv3,196.079545681977,0,777,,,,,,,
True,20000,cair,reactive_with_flags,6,,crv50,36.6009527777778,0,224,,,,,,,
True,20000,ladder,reactive_with_flags,2,,crv68,194.330940594059,0,657,,,,,,,
True,20000,iitb,reactive_with_flags,6,,crv53,98.3226955491177,0,536,,,,,,,
True,20000,st_line_assym,reactive_with_flags,1,,crv7,68.3890763454318,0,185,,,,,,,
True,20000,st_line,reactive_with_flags,2,,crv69,119.106773047872,0,363,,,,,,,
True,20000,ladder,reactive_with_flags,4,,crv75,85.6357625,0,453,,,,,,,
True,20000,circle,reactive_with_flags,2,,crv37,101.411424213632,0,218,,,,,,,
True,20000,st_line,reactive_with_flags,2,,crv41,118.531556311262,0,364,,,,,,,
True,20000,ladder,reactive_with_flags,2,,crv12,196.517910373112,0,839,,,,,,,
True,20000,circle,reactive_with_flags,1,,crv2,103.205724217265,0,215,,,,,,,
True,20000,iitb,reactive_with_flags,6,,crv81,102.249154039773,0,613,,,,,,,
True,20000,grid_5_5,reactive_with_flags,6,,crv52,65.90163,0,337,,,,,,,
True,20000,cair,reactive_with_flags,2,,crv8,96.0515444444444,0,510,,,,,,,
True,20000,st_line,reactive_with_flags,4,,crv76,68.306400960144,0,350,,,,,,,
True,20000,ladder,reactive_with_flags,2,,crv40,194.4763425,0,511,,,,,,,
True,20000,st_line_assym,reactive_with_flags,6,,crv84,22.4309777444361,0,182,,,,,,,
True,20000,st_line_assym,reactive_with_flags,4,,crv21,34.9904580916183,0,182,,,,,,,
True,20000,st_line,reactive_with_flags,1,,crv6,117.152261809448,0,343,,,,,,,
True,20000,grid_5_5,reactive_with_flags,4,,crv45,90.8540707035352,0,464,,,,,,,
True,20000,grid_5_5,reactive_with_flags,6,,crv80,66.8826741337067,0,349,,,,,,,
True,20000,cair,blackboard_cognitive,1,,drv57,165.615527998622,0,484,,,,,,,
True,20000,grid_5_5,blackboard_cognitive,2,,drv10,206.334516903381,0,463,,,,,,,
True,20000,st_line,blackboard_cognitive,1,,drv34,117.30839003402,0,373,,,,,,,
True,20000,circle,blackboard_cognitive,6,,drv23,60.2760861956902,0,203,,,,,,,
True,20000,cair,blackboard_cognitive,6,,drv22,104.929747957047,0,345,,,,,,,
True,20000,cair,blackboard_cognitive,4,,drv71,125.653206447188,0,371,,,,,,,
True,20000,st_line_assym,blackboard_cognitive,1,,drv35,68.4985981776309,0,190,,,,,,,
True,20000,grid_5_5,blackboard_cognitive,2,,drv38,200.73822673401,0,643,,,,,,,
True,20000,st_line_assym,blackboard_cognitive,2,,drv14,63.2486045813744,0,189,,,,,,,
True,20000,ladder,blackboard_cognitive,6,,drv54,236.433129187081,0,759,,,,,,,
True,20000,st_line,blackboard_cognitive,1,,drv62,117.326269702277,0,344,,,,,,,
True,20000,ladder,blackboard_cognitive,4,,drv75,197.957461753825,0,568,,,,,,,
True,20000,circle,blackboard_cognitive,1,,drv2,102.227835017172,0,213,,,,,,,
True,20000,iitb,blackboard_cognitive,4,,drv46,285.390284097538,0,774,,,,,,,
True,20000,ladder,blackboard_cognitive,1,,drv5,240.445229045809,0,897,,,,,,,
True,20000,st_line_assym,blackboard_cognitive,6,,drv84,45.7807709614519,0,176,,,,,,,
True,20000,cair,blackboard_cognitive,6,,drv78,101.963367552134,0,398,,,,,,,
True,20000,st_line,blackboard_cognitive,1,,drv6,117.043783459248,0,466,,,,,,,
True,20000,ladder,blackboard_cognitive,4,,drv47,184.953785,0,578,,,,,,,
True,20000,st_line_assym,blackboard_cognitive,1,,drv63,68.6518129532383,0,234,,,,,,,
True,20000,st_line_assym,blackboard_cognitive,6,,drv28,46.8330933093309,0,174,,,,,,,
True,20000,grid_5_5,blackboard_cognitive,6,,drv52,163.226342634263,0,484,,,,,,,
True,20000,grid_5_5,blackboard_cognitive,4,,drv17,163.322427532298,0,455,,,,,,,
True,20000,cair,blackboard_cognitive,2,,drv8,135.505238888889,0,353,,,,,,,
True,20000,cair,blackboard_cognitive,4,,drv43,124.946236200699,0,382,,,,,,,
True,20000,grid_5_5,blackboard_cognitive,4,,drv45,171.475402620786,0,529,,,,,,,
True,20000,ladder,blackboard_cognitive,2,,drv40,230.703572857286,0,609,,,,,,,
True,20000,cair,blackboard_cognitive,2,,drv64,162.620864524806,0,468,,,,,,,
True,20000,grid_5_5,blackboard_cognitive,1,,drv31,210.416601470662,0,525,,,,,,,
True,20000,st_line,blackboard_cognitive,4,,drv76,96.0544958991799,0,355,,,,,,,
True,20000,circle,blackboard_cognitive,2,,drv37,100.072669766977,0,219,,,,,,,
True,20000,circle,blackboard_cognitive,4,,drv16,85.8650984343513,0,206,,,,,,,
True,20000,st_line,blackboard_cognitive,2,,drv69,119.118870943547,0,366,,,,,,,
True,20000,circle,blackboard_cognitive,4,,drv72,80.3283107420931,0,212,,,,,,,
True,20000,iitb,blackboard_cognitive,1,,drv32,353.849339100577,0,940,,,,,,,
True,20000,ladder,blackboard_cognitive,6,,drv26,159.837593138971,0,499,,,,,,,
True,20000,cair,blackboard_cognitive,1,,drv29,176.606486576622,0,506,,,,,,,
True,20000,circle,blackboard_cognitive,2,,drv65,86.8505834792031,0,220,,,,,,,
True,20000,iitb,blackboard_cognitive,2,,drv67,342.142436628169,0,777,,,,,,,
True,20000,cair,blackboard_cognitive,6,,drv50,95.6660472222222,0,417,,,,,,,
True,20000,grid_5_5,blackboard_cognitive,6,,drv24,152.719923797755,0,475,,,,,,,
True,20000,grid_5_5,blackboard_cognitive,1,,drv3,204.873479065579,0,628,,,,,,,
True,20000,st_line,blackboard_cognitive,2,,drv41,118.548314662933,0,363,,,,,,,
True,20000,cair,blackboard_cognitive,2,,drv36,128.839892650564,0,405,,,,,,,
True,20000,st_line_assym,blackboard_cognitive,4,,drv77,50.7153142342883,0,173,,,,,,,
True,20000,iitb,blackboard_cognitive,1,,drv60,358.827894925542,0,1422,,,,,,,
True,20000,ladder,blackboard_cognitive,6,,drv82,195.694311931193,0,616,,,,,,,
True,20000,iitb,blackboard_cognitive,6,,drv81,342.932806060303,0,939,,,,,,,
True,20000,grid_5_5,blackboard_cognitive,1,,drv59,203.906899449725,0,569,,,,,,,
True,20000,ladder,blackboard_cognitive,2,,drv68,226.740655934407,0,576,,,,,,,
True,20000,st_line_assym,blackboard_cognitive,1,,drv7,68.4301690507152,0,186,,,,,,,
True,20000,circle,blackboard_cognitive,2,,drv9,99.9804284404434,0,220,,,,,,,
True,20000,iitb,blackboard_cognitive,2,,drv39,292.602771386652,0,739,,,,,,,
True,20000,st_line,blackboard_cognitive,2,,drv13,119.191619580979,0,364,,,,,,,
True,20000,st_line,blackboard_cognitive,4,,drv48,100.722063896805,0,351,,,,,,,
True,20000,circle,blackboard_cognitive,6,,drv79,45.5055208333333,0,204,,,,,,,
True,20000,iitb,blackboard_cognitive,6,,drv25,364.859137997133,0,1217,,,,,,,
True,20000,circle,blackboard_cognitive,1,,drv58,102.25237107044,0,214,,,,,,,
True,20000,iitb,blackboard_cognitive,4,,drv74,281.866490815748,0,831,,,,,,,
True,20000,circle,blackboard_cognitive,4,,drv44,70.948561522819,0,211,,,,,,,
True,20000,st_line,blackboard_cognitive,6,,drv55,97.3243125687431,0,370,,,,,,,
True,20000,grid_5_5,blackboard_cognitive,6,,drv80,157.571244562228,0,531,,,,,,,
True,20000,circle,blackboard_cognitive,6,,drv51,80.144813388675,0,202,,,,,,,
True,20000,iitb,blackboard_cognitive,6,,drv53,265.800936343634,0,899,,,,,,,
True,20000,grid_5_5,blackboard_cognitive,4,,drv73,164.376588829442,0,495,,,,,,,
True,20000,ladder,blackboard_cognitive,4,,drv19,179.563319497925,0,431,,,,,,,
True,20000,iitb,blackboard_cognitive,4,,drv18,304.332666666667,0,736,,,,,,,
True,20000,ladder,blackboard_cognitive,1,,drv61,254.620329697819,0,703,,,,,,,
True,20000,st_line_assym,blackboard_cognitive,4,,drv49,45.2454845484549,0,175,,,,,,,
True,20000,st_line_assym,blackboard_cognitive,4,,drv21,44.62617,0,172,,,,,,,
True,20000,st_line_assym,blackboard_cognitive,2,,drv70,63.0529217530518,0,189,,,,,,,
True,20000,st_line,blackboard_cognitive,6,,drv27,101.382440877956,0,368,,,,,,,
True,20000,cair,blackboard_cognitive,4,,drv15,148.202722369422,0,477,,,,,,,
True,20000,ladder,blackboard_cognitive,2,,drv12,187.245062037222,0,526,,,,,,,
True,20000,st_line,blackboard_cognitive,4,,drv20,88.0325966298315,0,348,,,,,,,
True,20000,circle,blackboard_cognitive,1,,drv30,102.344392772611,0,214,,,,,,,
True,20000,grid_5_5,blackboard_cognitive,2,,drv66,183.533630681534,0,431,,,,,,,
True,20000,st_line_assym,blackboard_cognitive,6,,drv56,46.137496250375,0,175,,,,,,,
True,20000,cair,blackboard_cognitive,1,,drv1,152.381707256088,0,470,,,,,,,
True,20000,ladder,blackboard_cognitive,1,,drv33,243.100840210053,0,663,,,,,,,
True,20000,iitb,blackboard_cognitive,2,,drv11,342.60273915508,0,906,,,,,,,
True,20000,iitb,blackboard_cognitive,1,,drv4,352.393656312007,0,1042,,,,,,,
True,20000,st_line,blackboard_cognitive,6,,drv83,94.1982099104956,0,365,,,,,,,
True,20000,st_line_assym,blackboard_cognitive,2,,drv42,63.6179662882009,0,190,,,,,,,
True,20000,st_line,idleness_coordinator,1,,erv34,117.287987792676,0,343,,,,,,,
True,20000,grid_5_5,idleness_coordinator,4,,erv17,89.2692651693262,0,304,,,,,,,
True,20000,grid_5_5,idleness_coordinator,2,,erv10,143.497641117944,0,436,,,,,,,
True,20000,grid_5_5,idleness_coordinator,4,,erv73,90.8728892889289,0,297,,,,,,,
True,20000,st_line_assym,idleness_coordinator,1,,erv7,68.5251412853213,0,224,,,,,,,
True,20000,st_line_assym,idleness_coordinator,2,,erv42,49.9773786893447,0,188,,,,,,,
True,20000,circle,idleness_coordinator,4,,erv44,70.0533258314579,0,198,,,,,,,
True,20000,iitb,idleness_coordinator,1,,erv60,339.827397031849,0,1041,,,,,,,
True,20000,grid_5_5,idleness_coordinator,4,,erv45,89.8175355071014,0,291,,,,,,,
True,20000,iitb,idleness_coordinator,2,,erv11,261.003335167676,0,749,,,,,,,
True,20000,st_line,idleness_coordinator,6,,erv27,32.8002850427564,0,255,,,,,,,
True,20000,grid_5_5,idleness_coordinator,2,,erv66,147.931520576029,0,377,,,,,,,
True,20000,ladder,idleness_coordinator,6,,erv82,62.223525,0,288,,,,,,,
True,20000,st_line_assym,idleness_coordinator,1,,erv63,68.6518129532383,0,234,,,,,,,
True,20000,st_line,idleness_coordinator,2,,erv69,94.286310208573,0,367,,,,,,,
True,20000,st_line,idleness_coordinator,2,,erv41,95.5747461611564,0,363,,,,,,,
True,20000,st_line,idleness_coordinator,4,,erv48,45.0440205979402,0,288,,,,,,,
True,20000,circle,idleness_coordinator,1,,erv30,102.236603496842,0,213,,,,,,,
True,20000,st_line,idleness_coordinator,4,,erv76,41.8006151230246,0,265,,,,,,,
True,20000,cair,idleness_coordinator,4,,erv71,52.5028223633404,0,214,,,,,,,
True,20000,iitb,idleness_coordinator,1,,erv4,338.160428654824,0,909,,,,,,,
True,20000,st_line_assym,idleness_coordinator,2,,erv14,49.9912808719128,0,187,,,,,,,
True,20000,ladder,idleness_coordinator,2,,erv68,146.762359971994,0,414,,,,,,,
True,20000,iitb,idleness_coordinator,6,,erv53,92.7541585371955,0,487,,,,,,,
True,20000,cair,idleness_coordinator,2,,erv64,95.4515885316845,0,313,,,,,,,
True,20000,cair,idleness_coordinator,1,,erv1,158.375946953907,0,530,,,,,,,
True,20000,cair,idleness_coordinator,1,,erv29,139.414331127006,0,420,,,,,,,
True,20000,st_line_assym,idleness_coordinator,6,,erv28,18.865696569657,0,118,,,,,,,
True,20000,st_line_assym,idleness_coordinator,6,,erv84,19.14568,0,118,,,,,,,
True,20000,grid_5_5,idleness_coordinator,6,,erv24,56.8857154284571,0,253,,,,,,,
True,20000,iitb,idleness_coordinator,4,,erv18,128.963121791025,0,526,,,,,,,
True,20000,circle,idleness_coordinator,6,,erv51,27.2431128443578,0,159,,,,,,,
True,20000,circle,idleness_coordinator,1,,erv2,102.295603461211,0,212,,,,,,,
True,20000,circle,idleness_coordinator,1,,erv58,102.350680901424,0,214,,,,,,,
True,20000,st_line_assym,idleness_coordinator,6,,erv56,19.1810881088109,0,121,,,,,,,
True,20000,st_line,idleness_coordinator,2,,erv13,94.2802660532106,0,357,,,,,,,
True,20000,ladder,idleness_coordinator,2,,erv40,153.979211039448,0,486,,,,,,,
True,20000,cair,idleness_coordinator,6,,erv50,33.4114827220361,0,201,,,,,,,
True,20000,ladder,idleness_coordinator,1,,erv5,241.070323129252,0,797,,,,,,,
True,20000,ladder,idleness_coordinator,6,,erv54,55.4356553483022,0,273,,,,,,,
True,20000,ladder,idleness_coordinator,1,,erv33,250.209512378095,0,795,,,,,,,
True,20000,st_line_assym,idleness_coordinator,4,,erv49,24.0171825773866,0,121,,,,,,,
True,20000,cair,idleness_coordinator,6,,erv22,33.6621948916219,0,173,,,,,,,
True,20000,grid_5_5,idleness_coordinator,1,,erv3,205.226265313266,0,542,,,,,,,
True,20000,circle,idleness_coordinator,2,,erv37,99.9208127073021,0,221,,,,,,,
True,20000,iitb,idleness_coordinator,2,,erv67,248.257100710071,0,901,,,,,,,
True,20000,grid_5_5,idleness_coordinator,6,,erv52,55.7809271390709,0,261,,,,,,,
True,20000,st_line,idleness_coordinator,6,,erv55,32.6303625906477,0,230,,,,,,,
True,20000,cair,idleness_coordinator,1,,erv57,166.401308954337,0,495,,,,,,,
True,20000,iitb,idleness_coordinator,6,,erv81,92.3389931840149,0,470,,,,,,,
True,20000,st_line,idleness_coordinator,6,,erv83,32.5436256374362,0,245,,,,,,,
True,20000,st_line_assym,idleness_coordinator,4,,erv21,24.0577328866443,0,125,,,,,,,
True,20000,iitb,idleness_coordinator,6,,erv25,89.2727303031818,0,448,,,,,,,
True,20000,iitb,idleness_coordinator,1,,erv32,330.746692426971,0,1006,,,,,,,
True,20000,circle,idleness_coordinator,2,,erv65,98.5724389430691,0,224,,,,,,,
True,20000,cair,idleness_coordinator,4,,erv15,52.1501147164864,0,230,,,,,,,
True,20000,grid_5_5,idleness_coordinator,1,,erv59,191.961626813407,0,546,,,,,,,
True,20000,ladder,idleness_coordinator,2,,erv12,193.413171317132,0,550,,,,,,,
True,20000,cair,idleness_coordinator,6,,erv78,32.5858568182702,0,184,,,,,,,
True,20000,ladder,idleness_coordinator,4,,erv75,89.7692425,0,319,,,,,,,
True,20000,grid_5_5,idleness_coordinator,2,,erv38,145.223466346635,0,431,,,,,,,
True,20000,st_line,idleness_coordinator,4,,erv20,43.2952752362382,0,298,,,,,,,
True,20000,ladder,idleness_coordinator,6,,erv26,58.8271797820218,0,291,,,,,,,
True,20000,st_line_assym,idleness_coordinator,1,,erv35,68.4358933306649,0,186,,,,,,,
True,20000,ladder,idleness_coordinator,1,,erv61,229.325491471162,0,880,,,,,,,
True,20000,iitb,idleness_coordinator,4,,erv46,133.945915024507,0,584,,,,,,,
True,20000,st_line_assym,idleness_coordinator,4,,erv77,23.9779644911228,0,134,,,,,,,
True,20000,iitb,idleness_coordinator,4,,erv74,133.431503424829,0,489,,,,,,,
True,20000,ladder,idleness_coordinator,4,,erv19,90.470205,0,341,,,,,,,
True,20000,circle,idleness_coordinator,4,,erv16,84.4929333333333,0,203,,,,,,,
True,20000,ladder,idleness_coordinator,4,,erv47,88.2512750637532,0,331,,,,,,,
True,20000,cair,idleness_coordinator,4,,erv43,51.0181166666667,0,211,,,,,,,
True,20000,circle,idleness_coordinator,2,,erv9,98.9469439303756,0,218,,,,,,,
True,20000,st_line,idleness_coordinator,1,,erv6,117.277271817454,0,343,,,,,,,
True,20000,cair,idleness_coordinator,2,,erv36,92.7641416666667,0,308,,,,,,,
True,20000,cair,idleness_coordinator,2,,erv8,92.3435070816178,0,299,,,,,,,
True,20000,circle,idleness_coordinator,6,,erv23,27.2743612819359,0,162,,,,,,,
True,20000,grid_5_5,idleness_coordinator,1,,erv31,202.618940841126,0,513,,,,,,,
True,20000,iitb,idleness_coordinator,2,,erv39,222.043100501842,0,639,,,,,,,
True,20000,st_line,idleness_coordinator,1,,erv62,117.287987792676,0,343,,,,,,,
True,20000,circle,idleness_coordinator,6,,erv79,27.406399486641,0,161,,,,,,,
True,20000,st_line_assym,idleness_coordinator,2,,erv70,50.0642396359454,0,185,,,,,,,
True,20000,grid_5_5,idleness_coordinator,6,,erv80,55.9810591588738,0,248,,,,,,,
True,20000,circle,idleness_coordinator,4,,erv72,46.3692708333333,0,210,,,,,,,
True,20000,circle,random_coordinator,1,,frv58,168.933877581637,0,1192,,,,,,,
True,20000,st_line,random_coordinator,4,,frv20,54.054295,0,847,,,,,,,
True,20000,st_line,random_coordinator,2,,frv69,104.122893012554,0,1295,,,,,,,
True,20000,circle,random_coordinator,6,,frv51,28.1787160641968,0,192,,,,,,,
True,20000,ladder,random_coordinator,2,,frv40,263.887321267873,0,3055,,,,,,,
True,20000,st_line,random_coordinator,1,,frv34,205.318394080296,0,2097,,,,,,,
True,20000,st_line,random_coordinator,6,,frv83,35.0200630094514,0,349,,,,,,,
True,20000,circle,random_coordinator,4,,frv16,43.0406269273724,0,353,,,,,,,
True,20000,st_line_assym,random_coordinator,1,,frv7,103.81895,0,1249,,,,,,,
True,20000,circle,random_coordinator,6,,frv79,27.7524542273854,0,187,,,,,,,
True,20000,circle,random_coordinator,2,,frv65,93.133303336333,0,700,,,,,,,
True,20000,circle,random_coordinator,2,,frv9,89.4537537087042,0,760,,,,,,,
True,20000,st_line,random_coordinator,1,,frv6,227.426926155693,0,3110,,,,,,,
True,20000,st_line_assym,random_coordinator,4,,frv49,24.2375356303445,0,121,,,,,,,
True,20000,st_line,random_coordinator,4,,frv76,51.171925,0,542,,,,,,,
True,20000,iitb,random_coordinator,1,,frv60,792.353720788746,0,8644,,,,,,,
True,20000,st_line_assym,random_coordinator,6,,frv56,18.2633063306331,0,114,,,,,,,
True,20000,grid_5_5,random_coordinator,4,,frv73,93.6619863972794,0,969,,,,,,,
True,20000,ladder,random_coordinator,2,,frv12,253.123024209684,0,3358,,,,,,,
True,20000,ladder,random_coordinator,2,,frv68,246.931692923231,0,2693,,,,,,,
True,20000,ladder,random_coordinator,6,,frv54,70.9045402270114,0,1056,,,,,,,
True,20000,st_line_assym,random_coordinator,2,,frv70,47.9239709927482,0,341,,,,,,,
True,20000,iitb,random_coordinator,6,,frv53,111.7265125,0,1401,,,,,,,
True,20000,ladder,random_coordinator,4,,frv75,118.369224038798,0,1349,,,,,,,
True,20000,cair,random_coordinator,4,,frv43,73.1521207676323,0,1089,,,,,,,
True,20000,st_line,random_coordinator,6,,frv55,36.4589591040896,0,571,,,,,,,
True,20000,ladder,random_coordinator,4,,frv47,114.283790810459,0,1447,,,,,,,
True,20000,grid_5_5,random_coordinator,4,,frv45,90.1012258774123,0,1102,,,,,,,
True,20000,iitb,random_coordinator,2,,frv39,381.771182378928,0,3943,,,,,,,
True,20000,ladder,random_coordinator,4,,frv19,119.731835908205,0,1459,,,,,,,
True,20000,grid_5_5,random_coordinator,2,,frv10,178.340117052674,0,2009,,,,,,,
True,20000,ladder,random_coordinator,1,,frv61,469.483223289316,0,4224,,,,,,,
True,20000,st_line_assym,random_coordinator,4,,frv21,24.0448,0,125,,,,,,,
True,20000,st_line_assym,random_coordinator,6,,frv28,18.1883811618838,0,118,,,,,,,
True,20000,iitb,random_coordinator,6,,frv81,111.6575279972,0,1606,,,,,,,
True,20000,ladder,random_coordinator,1,,frv33,545.3055825,0,5173,,,,,,,
True,20000,st_line,random_coordinator,2,,frv41,111.054472723636,0,1176,,,,,,,
True,20000,cair,random_coordinator,4,,frv71,72.8063972222222,0,1199,,,,,,,
True,20000,grid_5_5,random_coordinator,6,,frv80,58.8919408059194,0,667,,,,,,,
True,20000,st_line,random_coordinator,4,,frv48,52.9711506726009,0,652,,,,,,,
True,20000,st_line_assym,random_coordinator,6,,frv84,18.38426,0,125,,,,,,,
True,20000,circle,random_coordinator,1,,frv2,165.406879907968,0,1078,,,,,,,
True,20000,circle,random_coordinator,2,,frv37,90.9767219972335,0,617,,,,,,,
True,20000,st_line_assym,random_coordinator,2,,frv42,48.8771901736129,0,353,,,,,,,
True,20000,cair,random_coordinator,2,,frv36,167.299734431166,0,2110,,,,,,,
True,20000,cair,random_coordinator,6,,frv22,47.8516054342065,0,610,,,,,,,
True,20000,ladder,random_coordinator,6,,frv26,75.49283,0,1060,,,,,,,
True,20000,st_line,random_coordinator,2,,frv13,1082.22279841976,0,19996,,,,,,,
True,20000,cair,random_coordinator,2,,frv64,151.554922190554,0,1514,,,,,,,
True,20000,ladder,random_coordinator,1,,frv5,465.178558923569,0,5336,,,,,,,
True,20000,cair,random_coordinator,1,,frv1,302.809523412579,0,3339,,,,,,,
True,20000,ladder,random_coordinator,6,,frv82,76.456696830317,0,1233,,,,,,,
True,20000,st_line,random_coordinator,1,,frv62,269.019847939176,0,5377,,,,,,,
True,20000,circle,random_coordinator,4,,frv44,42.419579021049,0,284,,,,,,,
True,20000,iitb,random_coordinator,2,,frv11,402.588047445255,0,5273,,,,,,,
True,20000,st_line_assym,random_coordinator,4,,frv77,24.1721586079304,0,120,,,,,,,
True,20000,st_line_assym,random_coordinator,1,,frv35,102.710589765394,0,999,,,,,,,
True,20000,grid_5_5,random_coordinator,2,,frv66,183.313047652383,0,2079,,,,,,,
True,20000,cair,random_coordinator,6,,frv78,45.1145496561455,0,595,,,,,,,
True,20000,st_line_assym,random_coordinator,2,,frv14,48.3258603441377,0,362,,,,,,,
True,20000,iitb,random_coordinator,1,,frv4,773.114992330649,0,8417,,,,,,,
True,20000,grid_5_5,random_coordinator,4,,frv17,90.2451162558128,0,1264,,,,,,,
True,20000,iitb,random_coordinator,4,,frv74,187.150787201414,0,2615,,,,,,,
True,20000,grid_5_5,random_coordinator,2,,frv38,169.052680731927,0,1451,,,,,,,
True,20000,iitb,random_coordinator,4,,frv46,158.430755575558,0,2186,,,,,,,
True,20000,st_line_assym,random_coordinator,1,,frv63,102.135961576946,0,927,,,,,,,
True,20000,cair,random_coordinator,4,,frv15,71.9069926340699,0,1007,,,,,,,
True,20000,iitb,random_coordinator,6,,frv25,118.703335166758,0,1266,,,,,,,
True,20000,circle,random_coordinator,1,,frv30,179.627722739251,0,975,,,,,,,
True,20000,circle,random_coordinator,6,,frv23,28.3466846684668,0,214,,,,,,,
True,20000,cair,random_coordinator,6,,frv50,48.0203174127032,0,654,,,,,,,
True,20000,cair,random_coordinator,1,,frv57,304.34237448251,0,2497,,,,,,,
True,20000,grid_5_5,random_coordinator,6,,frv52,60.522786,0,575,,,,,,,
True,20000,grid_5_5,random_coordinator,1,,frv59,372.846798,0,3650,,,,,,,
True,20000,grid_5_5,random_coordinator,6,,frv24,59.0307193143557,0,662,,,,,,,
True,20000,grid_5_5,random_coordinator,1,,frv31,353.731571421429,0,2484,,,,,,,
True,20000,circle,random_coordinator,4,,frv72,43.0453086975364,0,322,,,,,,,
True,20000,iitb,random_coordinator,1,,frv32,743.393866863314,0,8887,,,,,,,
True,20000,grid_5_5,random_coordinator,1,,frv3,385.434704940988,0,5675,,,,,,,
True,20000,iitb,random_coordinator,4,,frv18,168.151965226731,0,1887,,,,,,,
True,20000,iitb,random_coordinator,2,,frv67,382.992336901249,0,4662,,,,,,,
True,20000,cair,random_coordinator,1,,frv29,325.246346016032,0,3120,,,,,,,
True,20000,st_line,random_coordinator,6,,frv27,35.7312481248125,0,371,,,,,,,
True,20000,cair,random_coordinator,2,,frv8,174.457083715373,0,3646,,,,,,,
True,20000,cair,random_mrpp,4,,rxv71,122.934320197373,0,2256,,,,,,,
True,20000,ladder,random_mrpp,1,,rxv61,715.462286143071,0,5482,,,,,,,
True,20000,ladder,random_mrpp,1,,rxv5,996.014372155823,0,11807,,,,,,,
True,20000,circle,random_mrpp,2,,rxv9,162.796143526157,0,1246,,,,,,,
True,20000,st_line,random_mrpp,1,,rxv34,506.417349747285,0,5043,,,,,,,
True,20000,st_line,random_mrpp,2,,rxv41,196.218083616723,0,2062,,,,,,,
True,20000,cair,random_mrpp,1,,rxv1,583.094743452937,0,7988,,,,,,,
True,20000,st_line_assym,random_mrpp,1,,rxv35,154.138306915346,0,1531,,,,,,,
True,20000,st_line,random_mrpp,1,,rxv6,487.92415120756,0,3665,,,,,,,
True,20000,circle,random_mrpp,2,,rxv37,185.166950014167,0,1539,,,,,,,
True,20000,circle,random_mrpp,2,,rxv65,199.074868227916,0,1497,,,,,,,
True,20000,cair,random_mrpp,1,,rxv29,528.288817200716,0,5952,,,,,,,
True,20000,circle,random_mrpp,6,,rxv51,54.2149708333333,0,950,,,,,,,
True,20000,circle,random_mrpp,4,,rxv72,80.4482390786206,0,968,,,,,,,
True,20000,iitb,random_mrpp,6,,rxv81,153.36504642363,0,2332,,,,,,,
True,20000,st_line_assym,random_mrpp,1,,rxv63,212.076587658766,0,3929,,,,,,,
True,20000,st_line,random_mrpp,4,,rxv20,81.8892144607231,0,937,,,,,,,
True,20000,iitb,random_mrpp,2,,rxv11,604.146731429619,0,7190,,,,,,,
True,20000,st_line_assym,random_mrpp,2,,rxv14,71.2979651017449,0,743,,,,,,,
True,20000,st_line_assym,random_mrpp,2,,rxv42,75.2143407170359,0,802,,,,,,,
True,20000,ladder,random_mrpp,4,,rxv47,177.893894389439,0,2795,,,,,,,
True,20000,grid_5_5,random_mrpp,4,,rxv17,140.429014,0,1524,,,,,,,
True,20000,st_line_assym,random_mrpp,6,,rxv84,22.24389,0,365,,,,,,,
True,20000,grid_5_5,random_mrpp,6,,rxv80,90.523164,0,1383,,,,,,,
True,20000,grid_5_5,random_mrpp,6,,rxv52,90.8399699984999,0,1010,,,,,,,
True,20000,ladder,random_mrpp,6,,rxv26,104.68322647363,0,1757,,,,,,,
True,20000,st_line,random_mrpp,2,,rxv69,224.544195937156,0,2527,,,,,,,
True,20000,circle,random_mrpp,1,,rxv58,508.999003818003,0,5163,,,,,,,
True,20000,ladder,random_mrpp,2,,rxv68,455.610691069107,0,4754,,,,,,,
True,20000,grid_5_5,random_mrpp,1,,rxv3,648.526816,0,3891,,,,,,,
True,20000,cair,random_mrpp,4,,rxv43,132.474809851604,0,2518,,,,,,,
True,20000,st_line,random_mrpp,4,,rxv76,75.5403740374037,0,1185,,,,,,,
True,20000,st_line_assym,random_mrpp,6,,rxv56,21.7630645493916,0,394,,,,,,,
True,20000,iitb,random_mrpp,6,,rxv25,186.696260689103,0,4133,,,,,,,
True,20000,st_line_assym,random_mrpp,1,,rxv7,160.650042544672,0,2011,,,,,,,
True,20000,iitb,random_mrpp,1,,rxv60,1192.92218511291,0,10226,,,,,,,
True,20000,grid_5_5,random_mrpp,6,,rxv24,94.7207441488298,0,1422,,,,,,,
True,20000,st_line,random_mrpp,6,,rxv83,54.812225,0,1063,,,,,,,
True,20000,iitb,random_mrpp,2,,rxv39,718.078335416667,0,12132,,,,,,,
True,20000,grid_5_5,random_mrpp,1,,rxv59,648.412032016008,0,5304,,,,,,,
True,20000,ladder,random_mrpp,2,,rxv40,332.511145557278,0,4158,,,,,,,
True,20000,circle,random_mrpp,1,,rxv30,453.680320692415,0,2623,,,,,,,
True,20000,st_line_assym,random_mrpp,4,,rxv21,33.19174,0,419,,,,,,,
True,20000,cair,random_mrpp,6,,rxv78,71.3942056181053,0,1059,,,,,,,
True,20000,cair,random_mrpp,4,,rxv15,125.766868358163,0,1856,,,,,,,
True,20000,st_line,random_mrpp,4,,rxv48,90.2807771165675,0,2060,,,,,,,
True,20000,ladder,random_mrpp,4,,rxv75,161.385702855428,0,2072,,,,,,,
True,20000,st_line,random_mrpp,6,,rxv27,52.3517608804402,0,903,,,,,,,
True,20000,circle,random_mrpp,1,,rxv2,392.724337486032,0,2884,,,,,,,
True,20000,ladder,random_mrpp,2,,rxv12,439.549984622482,0,3993,,,,,,,
True,20000,ladder,random_mrpp,4,,rxv19,157.5007225,0,2061,,,,,,,
True,20000,iitb,random_mrpp,1,,rxv32,1014.01138926863,0,6608,,,,,,,
True,20000,cair,random_mrpp,6,,rxv22,76.047003131477,0,1153,,,,,,,
True,20000,iitb,random_mrpp,6,,rxv53,180.1948993283,0,2838,,,,,,,
True,20000,iitb,random_mrpp,4,,rxv46,300.177554711069,0,3586,,,,,,,
True,20000,st_line,random_mrpp,1,,rxv62,664.633875406555,0,6709,,,,,,,
True,20000,grid_5_5,random_mrpp,2,,rxv38,251.714183709185,0,2275,,,,,,,
True,20000,ladder,random_mrpp,6,,rxv82,100.806196426727,0,1643,,,,,,,
True,20000,st_line,random_mrpp,2,,rxv13,174.352070828331,0,1750,,,,,,,
True,20000,circle,random_mrpp,6,,rxv79,46.6532264786291,0,659,,,,,,,
True,20000,st_line_assym,random_mrpp,4,,rxv77,35.0073525734007,0,682,,,,,,,
True,20000,circle,random_mrpp,4,,rxv44,73.1594864229634,0,861,,,,,,,
True,20000,cair,random_mrpp,2,,rxv36,249.983761111111,0,4345,,,,,,,
True,20000,iitb,random_mrpp,4,,rxv74,282.836105136798,0,3221,,,,,,,
True,20000,grid_5_5,random_mrpp,4,,rxv45,149.19533460038,0,1904,,,,,,,
True,20000,ladder,random_mrpp,6,,rxv54,105.879987646695,0,2255,,,,,,,
True,20000,st_line_assym,random_mrpp,2,,rxv70,74.4179591020449,0,891,,,,,,,
True,20000,iitb,random_mrpp,1,,rxv4,1188.7222604396,0,9864,,,,,,,
True,20000,cair,random_mrpp,6,,rxv50,73.8087868509712,0,1700,,,,,,,
True,20000,cair,random_mrpp,1,,rxv57,501.172002668001,0,4125,,,,,,,
True,20000,ladder,random_mrpp,1,,rxv33,849.003178930519,0,9305,,,,,,,
True,20000,grid_5_5,random_mrpp,2,,rxv66,279.80313447017,0,2899,,,,,,,
True,20000,st_line_assym,random_mrpp,6,,rxv28,21.6370465259274,0,303,,,,,,,
True,20000,iitb,random_mrpp,2,,rxv67,558.08525663466,0,5806,,,,,,,
True,20000,st_line,random_mrpp,6,,rxv55,49.1371687168717,0,1294,,,,,,,
True,20000,circle,random_mrpp,6,,rxv23,44.2228541666667,0,503,,,,,,,
True,20000,grid_5_5,random_mrpp,1,,rxv31,566.537128282071,0,3949,,,,,,,
True,20000,iitb,random_mrpp,4,,rxv18,258.013252083333,0,3143,,,,,,,
True,20000,st_line_assym,random_mrpp,4,,rxv49,33.3880976195239,0,400,,,,,,,
True,20000,grid_5_5,random_mrpp,4,,rxv73,144.897136570486,0,1515,,,,,,,
True,20000,cair,random_mrpp,2,,rxv64,273.668192124304,0,4425,,,,,,,
True,20000,circle,random_mrpp,4,,rxv16,77.1916691669167,0,859,,,,,,,
True,20000,cair,random_mrpp,2,,rxv8,232.311670563058,0,3598,,,,,,,
True,20000,grid_5_5,random_mrpp,2,,rxv10,322.834444611153,0,3896,,,,,,,
True,20000,iitb,sebs,1,,sxv4,316.908629790854,0,1655,,,,,,,
True,20000,grid_5_5,sebs,2,,sxv38,199.41423613542,0,822,,,,,,,
True,20000,st_line_assym,sebs,4,,sxv77,30.7439171958598,0,175,,,,,,,
True,20000,grid_5_5,sebs,6,,sxv52,6713.40111252611,0,18777,,,,,,,
True,20000,ladder,sebs,6,,sxv82,2646.27796029603,0,19030,,,,,,,
True,20000,cair,sebs,1,,sxv29,145.383160538276,0,763,,,,,,,
True,20000,iitb,sebs,1,,sxv60,316.679652840322,0,1968,,,,,,,
True,20000,st_line_assym,sebs,1,,sxv63,68.4943866319792,0,184,,,,,,,
True,20000,cair,sebs,2,,sxv8,2681.82534166667,0,19846,,,,,,,
True,20000,grid_5_5,sebs,2,,sxv10,7407.96771315697,0,19811,,,,,,,
True,20000,st_line,sebs,6,,sxv55,2942.18236911846,0,19754,,,,,,,
True,20000,cair,sebs,1,,sxv57,146.205597506293,0,706,,,,,,,
True,20000,ladder,sebs,4,,sxv75,4669.33878525705,0,19891,,,,,,,
True,20000,ladder,sebs,1,,sxv5,214.670915637346,0,1059,,,,,,,
True,20000,ladder,sebs,2,,sxv40,198.0481475,0,904,,,,,,,
True,20000,circle,sebs,1,,sxv30,103.265534320592,0,214,,,,,,,
True,20000,st_line_assym,sebs,1,,sxv35,68.4352558651393,0,185,,,,,,,
True,20000,cair,sebs,6,,sxv78,3791.36560277778,0,19804,,,,,,,
True,20000,iitb,sebs,2,,sxv39,6215.48095321433,0,19575,,,,,,,
True,20000,st_line,sebs,1,,sxv34,117.287987792676,0,343,,,,,,,
True,20000,ladder,sebs,1,,sxv61,210.94149579916,0,1023,,,,,,,
True,20000,cair,sebs,6,,sxv22,3373.66244722222,0,19751,,,,,,,
True,20000,cair,sebs,4,,sxv43,2220.65058369867,0,19882,,,,,,,
True,20000,st_line_assym,sebs,1,,sxv7,68.5088024821098,0,185,,,,,,,
True,20000,iitb,sebs,1,,sxv32,323.876999016125,0,1956,,,,,,,
True,20000,cair,sebs,6,,sxv50,5730.51157222222,0,19473,,,,,,,
True,20000,grid_5_5,sebs,2,,sxv66,199.519281928193,0,852,,,,,,,
True,20000,circle,sebs,4,,sxv16,55.154782739137,0,213,,,,,,,
True,20000,st_line,sebs,1,,sxv6,117.259951990398,0,341,,,,,,,
True,20000,st_line,sebs,2,,sxv13,117.328456422821,0,365,,,,,,,
True,20000,st_line,sebs,4,,sxv76,1986.10018,0,19707,,,,,,,
True,20000,st_line_assym,sebs,4,,sxv21,1974.58595648912,0,19819,,,,,,,
True,20000,grid_5_5,sebs,4,,sxv45,5278.58074,0,19475,,,,,,,
True,20000,ladder,sebs,1,,sxv33,210.985010503151,0,1105,,,,,,,
True,20000,grid_5_5,sebs,6,,sxv24,6447.57532299352,0,19525,,,,,,,
True,20000,iitb,sebs,2,,sxv67,6411.98388010936,0,19772,,,,,,,
True,20000,circle,sebs,6,,sxv79,37.4038791666667,0,210,,,,,,,
True,20000,st_line_assym,sebs,2,,sxv42,65.5261441504527,0,190,,,,,,,
True,20000,st_line_assym,sebs,2,,sxv70,1994.0796738206,0,19885,,,,,,,
True,20000,iitb,sebs,6,,sxv81,3867.7748,0,19277,,,,,,,
True,20000,st_line,sebs,2,,sxv41,119.340545,0,363,,,,,,,
True,20000,grid_5_5,sebs,1,,sxv59,209.546750675067,0,967,,,,,,,
True,20000,circle,sebs,2,,sxv37,99.5045675801827,0,216,,,,,,,
True,20000,iitb,sebs,6,,sxv25,6079.44474583333,0,19549,,,,,,,
True,20000,ladder,sebs,4,,sxv47,3495.78835941797,0,18644,,,,,,,
True,20000,circle,sebs,2,,sxv9,100.188480257346,0,221,,,,,,,
True,20000,circle,sebs,4,,sxv72,55.3218952614297,0,214,,,,,,,
True,20000,cair,sebs,2,,sxv36,105.555538886389,0,1272,,,,,,,
True,20000,iitb,sebs,2,,sxv11,4060.10130718954,0,19806,,,,,,,
True,20000,st_line_assym,sebs,4,,sxv49,30.14544,0,173,,,,,,,
True,20000,grid_5_5,sebs,4,,sxv73,5519.73273663683,0,19554,,,,,,,
True,20000,ladder,sebs,6,,sxv54,6206.8591175,0,19763,,,,,,,
True,20000,cair,sebs,2,,sxv64,6048.2741744595,0,19922,,,,,,,
True,20000,st_line,sebs,6,,sxv83,3812.88172043011,0,19506,,,,,,,
True,20000,ladder,sebs,4,,sxv19,5240.10582970851,0,19573,,,,,,,
True,20000,circle,sebs,1,,sxv2,102.317633031501,0,213,,,,,,,
True,20000,circle,sebs,6,,sxv23,5668.71040260065,0,19763,,,,,,,
True,20000,grid_5_5,sebs,4,,sxv17,6404.30464216054,0,19646,,,,,,,
True,20000,st_line,sebs,2,,sxv69,119.15228,0,365,,,,,,,
True,20000,st_line,sebs,1,,sxv62,117.040963433545,0,345,,,,,,,
True,20000,cair,sebs,1,,sxv1,145.484171042761,0,713,,,,,,,
True,20000,iitb,sebs,6,,sxv53,7403.29221049824,0,19139,,,,,,,
True,20000,circle,sebs,2,,sxv65,99.6478083333333,0,220,,,,,,,
True,20000,circle,sebs,4,,sxv44,52.4233638394346,0,208,,,,,,,
True,20000,ladder,sebs,2,,sxv12,199.695029751488,0,920,,,,,,,
True,20000,st_line_assym,sebs,2,,sxv14,64.8416524957487,0,189,,,,,,,
True,20000,st_line_assym,sebs,6,,sxv84,1970.59783,0,19811,,,,,,,
True,20000,circle,sebs,6,,sxv51,4021.81832616523,0,19655,,,,,,,
True,20000,cair,sebs,4,,sxv71,3816.32383976795,0,19878,,,,,,,
True,20000,iitb,sebs,4,,sxv74,4247.86020329066,0,19248,,,,,,,
True,20000,st_line,sebs,6,,sxv27,3815.9388516555,0,19509,,,,,,,
True,20000,st_line_assym,sebs,6,,sxv28,1972.89629,0,19816,,,,,,,
True,20000,st_line,sebs,4,,sxv48,1994.119685,0,19775,,,,,,,
True,20000,cair,sebs,4,,sxv15,3254.61241673195,0,19667,,,,,,,
True,20000,circle,sebs,1,,sxv58,102.344392772611,0,214,,,,,,,
True,20000,ladder,sebs,6,,sxv26,6126.81918095905,0,19751,,,,,,,
True,20000,grid_5_5,sebs,1,,sxv3,215.859114424376,0,825,,,,,,,
True,20000,grid_5_5,sebs,6,,sxv80,5536.51955135654,0,19481,,,,,,,
True,20000,iitb,sebs,4,,sxv18,5303.61300833333,0,19346,,,,,,,
True,20000,grid_5_5,sebs,1,,sxv31,216.40980090045,0,855,,,,,,,
True,20000,st_line,sebs,4,,sxv20,1002.20108,0,19628,,,,,,,
True,20000,st_line_assym,sebs,6,,sxv56,1958.4781939097,0,19749,,,,,,,
True,20000,iitb,sebs,4,,sxv46,246.151682584129,0,1230,,,,,,,
True,20000,grid_5_5,cbls,1,,cxv31,199.509512756378,0,587,,,,,,,
True,20000,st_line,cbls,2,,cxv13,1906.7097209721,0,13771,,,,,,,
True,20000,st_line_assym,cbls,1,,cxv35,68.5088024821098,0,185,,,,,,,
True,20000,iitb,cbls,2,,cxv39,6140.3028490349,0,19822,,,,,,,
True,20000,circle,cbls,6,,cxv23,3347.00165258906,0,17650,,,,,,,
True,20000,iitb,cbls,4,,cxv74,6001.30464375,0,19979,,,,,,,
True,20000,iitb,cbls,4,,cxv46,5391.7678726206,0,19964,,,,,,,
True,20000,circle,cbls,6,,cxv79,3609.04680051338,0,17874,,,,,,,
True,20000,grid_5_5,cbls,2,,cxv66,625.026952738185,0,10932,,,,,,,
True,20000,ladder,cbls,6,,cxv54,4462.01494267713,0,17335,,,,,,,
True,20000,st_line_assym,cbls,4,,cxv77,3484.66213,0,19264,,,,,,,
True,20000,circle,cbls,2,,cxv9,1035.63819715305,0,10869,,,,,,,
True,20000,grid_5_5,cbls,4,,cxv73,3129.33802490125,0,13821,,,,,,,
True,20000,grid_5_5,cbls,1,,cxv3,209.455261446085,0,748,,,,,,,
True,20000,st_line,cbls,6,,cxv83,6013.00536134033,0,18316,,,,,,,
True,20000,ladder,cbls,4,,cxv75,3874.25758537927,0,14818,,,,,,,
True,20000,st_line_assym,cbls,6,,cxv56,5481.25038,0,19513,,,,,,,
True,20000,cair,cbls,1,,cxv1,136.204071480185,0,311,,,,,,,
True,20000,cair,cbls,4,,cxv15,5464.8438066936,0,18498,,,,,,,
True,20000,st_line,cbls,4,,cxv48,2339.11686590306,0,17190,,,,,,,
True,20000,ladder,cbls,1,,cxv33,199.465972291688,0,640,,,,,,,
True,20000,circle,cbls,4,,cxv44,3913.42439128044,0,16581,,,,,,,
True,20000,grid_5_5,cbls,2,,cxv38,252.87191559578,0,10795,,,,,,,
True,20000,circle,cbls,1,,cxv58,102.260453150539,0,214,,,,,,,
True,20000,grid_5_5,cbls,6,,cxv52,4489.84915783157,0,17700,,,,,,,
True,20000,st_line,cbls,2,,cxv41,1323.12272590814,0,13365,,,,,,,
True,20000,ladder,cbls,6,,cxv82,4610.78109905495,0,17496,,,,,,,
True,20000,ladder,cbls,1,,cxv61,199.232708083233,0,592,,,,,,,
True,20000,ladder,cbls,4,,cxv47,3587.1001525,0,16300,,,,,,,
True,20000,cair,cbls,4,,cxv71,4506.27369774773,0,17277,,,,,,,
True,20000,st_line,cbls,1,,cxv6,117.263532706541,0,343,,,,,,,
True,20000,cair,cbls,2,,cxv8,3084.38730253982,0,16305,,,,,,,
True,20000,ladder,cbls,1,,cxv5,199.637164156702,0,596,,,,,,,
True,20000,st_line_assym,cbls,2,,cxv70,3206.9205460273,0,16502,,,,,,,
True,20000,iitb,cbls,6,,cxv25,4387.17698541667,0,19977,,,,,,,
True,20000,cair,cbls,2,,cxv64,1363.16481657416,0,15361,,,,,,,
True,20000,cair,cbls,2,,cxv36,2564.1088576573,0,15073,,,,,,,
True,20000,iitb,cbls,4,,cxv18,5552.22826757347,0,19996,,,,,,,
True,20000,circle,cbls,4,,cxv72,4002.26726336317,0,17026,,,,,,,
True,20000,circle,cbls,2,,cxv37,1025.28785567835,0,11345,,,,,,,
True,20000,iitb,cbls,6,,cxv81,5025.39696666667,0,19975,,,,,,,
True,20000,st_line,cbls,6,,cxv55,4747.90521026051,0,18323,,,,,,,
True,20000,st_line_assym,cbls,1,,cxv7,68.4358933306649,0,186,,,,,,,
True,20000,st_line,cbls,4,,cxv20,1944.22446244625,0,15089,,,,,,,
True,20000,st_line_assym,cbls,2,,cxv14,2749.63625087526,0,13611,,,,,,,
True,20000,st_line,cbls,1,,cxv62,117.326269702277,0,344,,,,,,,
True,20000,circle,cbls,2,,cxv65,1744.75108360423,0,11831,,,,,,,
True,20000,grid_5_5,cbls,6,,cxv80,4833.622074,0,17683,,,,,,,
True,20000,ladder,cbls,6,,cxv26,4749.04395219761,0,17749,,,,,,,
True,20000,grid_5_5,cbls,4,,cxv17,2688.240090009,0,14944,,,,,,,
True,20000,iitb,cbls,2,,cxv67,6336.75079375,0,19999,,,,,,,
True,20000,ladder,cbls,4,,cxv19,3292.13850442522,0,15694,,,,,,,
True,20000,ladder,cbls,2,,cxv68,631.775247524752,0,7704,,,,,,,
True,20000,st_line,cbls,4,,cxv76,3670.41148114812,0,17276,,,,,,,
True,20000,grid_5_5,cbls,4,,cxv45,2463.689906,0,15323,,,,,,,
True,20000,iitb,cbls,1,,cxv4,8944.62236469018,0,19984,,,,,,,
True,20000,st_line_assym,cbls,2,,cxv42,2009.68116623325,0,19967,,,,,,,
True,20000,st_line_assym,cbls,6,,cxv84,1861.17352,0,19238,,,,,,,
True,20000,iitb,cbls,1,,cxv32,8437.1065622968,0,19769,,,,,,,
True,20000,st_line,cbls,6,,cxv27,2995.15052247388,0,18080,,,,,,,
True,20000,cair,cbls,6,,cxv22,5102.39440300886,0,18054,,,,,,,
True,20000,cair,cbls,6,,cxv78,4246.72637671915,0,18682,,,,,,,
True,20000,st_line_assym,cbls,4,,cxv49,1995.61601,0,19925,,,,,,,
True,20000,st_line_assym,cbls,4,,cxv21,1980.80880176035,0,19843,,,,,,,
True,20000,ladder,cbls,2,,cxv12,346.199229576267,0,7941,,,,,,,
True,20000,st_line,cbls,1,,cxv34,117.238501951366,0,344,,,,,,,
True,20000,iitb,cbls,6,,cxv53,6986.20836042209,0,19995,,,,,,,
True,20000,grid_5_5,cbls,2,,cxv10,137.159054,0,4288,,,,,,,
True,20000,cair,cbls,1,,cxv29,138.065830860369,0,401,,,,,,,
True,20000,circle,cbls,1,,cxv2,103.408815096353,0,215,,,,,,,
True,20000,st_line_assym,cbls,1,,cxv63,68.3858093570178,0,184,,,,,,,
True,20000,cair,cbls,6,,cxv50,6062.32051901865,0,18577,,,,,,,
True,20000,iitb,cbls,1,,cxv60,8774.67991657082,0,19817,,,,,,,
True,20000,grid_5_5,cbls,6,,cxv24,4323.05853385339,0,16188,,,,,,,
True,20000,circle,cbls,4,,cxv16,3748.08624627027,0,16331,,,,,,,
True,20000,cair,cbls,1,,cxv57,138.374699879952,0,371,,,,,,,
True,20000,circle,cbls,1,,cxv30,102.323286140711,0,213,,,,,,,
True,20000,grid_5_5,cbls,1,,cxv59,200.076620817286,0,686,,,,,,,
True,20000,cair,cbls,4,,cxv43,5152.60276263662,0,17892,,,,,,,
True,20000,circle,cbls,6,,cxv51,3436.946675,0,18232,,,,,,,
True,20000,st_line,cbls,2,,cxv69,617.210935546777,0,9785,,,,,,,
True,20000,ladder,cbls,2,,cxv40,1559.11897629526,0,12468,,,,,,,
True,20000,st_line_assym,cbls,6,,cxv28,2004.93400329983,0,19972,,,,,,,
True,20000,iitb,cbls,2,,cxv11,3384.69464166667,0,19999,,,,,,,
True,20000,ladder,aneesh_mrpp3,6,,ane26,71.5080304015201,0,430,,,,,,,
True,20000,cair,aneesh_mrpp3,1,,ane57,147.984508012714,0,467,,,,,,,
True,20000,st_line_assym,aneesh_mrpp3,6,,ane28,45.7009801960392,0,176,,,,,,,
True,20000,ladder,aneesh_mrpp3,4,,ane47,120.125881470368,0,447,,,,,,,
True,20000,circle,aneesh_mrpp3,4,,ane72,48.1003191347532,0,211,,,,,,,
True,20000,st_line,aneesh_mrpp3,6,,ane83,96.8506299370063,0,380,,,,,,,
True,20000,cair,aneesh_mrpp3,4,,ane43,68.550694930507,0,313,,,,,,,
True,20000,st_line,aneesh_mrpp3,4,,ane20,103.240626093914,0,365,,,,,,,
True,20000,st_line_assym,aneesh_mrpp3,1,,ane63,71.4753913086963,0,193,,,,,,,
True,20000,st_line_assym,aneesh_mrpp3,4,,ane77,48.2212510625531,0,178,,,,,,,
True,20000,circle,aneesh_mrpp3,6,,ane79,58.6820424354551,0,217,,,,,,,
True,20000,st_line,aneesh_mrpp3,2,,ane69,121.51967188516,0,381,,,,,,,
True,20000,cair,aneesh_mrpp3,2,,ane64,116.133643395346,0,361,,,,,,,
True,20000,grid_5_5,aneesh_mrpp3,1,,ane31,221.81123824765,0,682,,,,,,,
True,20000,circle,aneesh_mrpp3,4,,ane44,58.2451745174518,0,212,,,,,,,
True,20000,cair,aneesh_mrpp3,1,,ane29,149.185490817149,0,535,,,,,,,
True,20000,circle,aneesh_mrpp3,2,,ane9,106.057747441411,0,231,,,,,,,
True,20000,cair,aneesh_mrpp3,1,,ane1,149.771408014845,0,475,,,,,,,
True,20000,iitb,aneesh_mrpp3,4,,ane18,116.513302660532,0,558,,,,,,,
True,20000,grid_5_5,aneesh_mrpp3,1,,ane3,213.118065419626,0,622,,,,,,,
True,20000,ladder,aneesh_mrpp3,1,,ane61,217.46626394517,0,551,,,,,,,
True,20000,ladder,aneesh_mrpp3,4,,ane19,88.7503299670033,0,453,,,,,,,
True,20000,iitb,aneesh_mrpp3,2,,ane67,222.973369329734,0,726,,,,,,,
True,20000,cair,aneesh_mrpp3,2,,ane36,100.85958125601,0,352,,,,,,,
True,20000,st_line_assym,aneesh_mrpp3,6,,ane84,45.7710828917108,0,180,,,,,,,
True,20000,circle,aneesh_mrpp3,2,,ane37,74.1750733553399,0,225,,,,,,,
True,20000,iitb,aneesh_mrpp3,1,,ane32,331.761225561278,0,1094,,,,,,,
True,20000,circle,aneesh_mrpp3,1,,ane30,109.278512830774,0,227,,,,,,,
True,20000,iitb,aneesh_mrpp3,4,,ane46,148.086829341467,0,723,,,,,,,
True,20000,cair,aneesh_mrpp3,6,,ane22,39.2110883321944,0,248,,,,,,,
True,20000,grid_5_5,aneesh_mrpp3,2,,ane38,140.175152333784,0,515,,,,,,,
True,20000,grid_5_5,aneesh_mrpp3,2,,ane10,139.66812140607,0,520,,,,,,,
True,20000,st_line_assym,aneesh_mrpp3,4,,ane21,51.8782039101955,0,178,,,,,,,
True,20000,cair,aneesh_mrpp3,4,,ane15,55.7261972222222,0,284,,,,,,,
True,20000,st_line,aneesh_mrpp3,1,,ane34,123.228518537049,0,366,,,,,,,
True,20000,ladder,aneesh_mrpp3,2,,ane40,140.970397039704,0,483,,,,,,,
True,20000,st_line_assym,aneesh_mrpp3,6,,ane56,45.1826317368263,0,177,,,,,,,
True,20000,iitb,aneesh_mrpp3,1,,ane4,331.912837308532,0,1163,,,,,,,
True,20000,grid_5_5,aneesh_mrpp3,4,,ane73,82.4059162195625,0,491,,,,,,,
True,20000,st_line,aneesh_mrpp3,1,,ane62,123.189398939894,0,364,,,,,,,
True,20000,st_line_assym,aneesh_mrpp3,1,,ane7,71.5340137075392,0,194,,,,,,,
True,20000,iitb,aneesh_mrpp3,6,,ane25,104.007015284862,0,691,,,,,,,
True,20000,grid_5_5,aneesh_mrpp3,4,,ane17,79.725403246454,0,420,,,,,,,
True,20000,grid_5_5,aneesh_mrpp3,4,,ane45,83.139588,0,399,,,,,,,
True,20000,st_line,aneesh_mrpp3,1,,ane6,123.151413135911,0,364,,,,,,,
True,20000,iitb,aneesh_mrpp3,2,,ane39,217.472454872744,0,1065,,,,,,,
True,20000,st_line_assym,aneesh_mrpp3,2,,ane70,65.9420484096819,0,196,,,,,,,
True,20000,circle,aneesh_mrpp3,6,,ane51,48.8756292295896,0,204,,,,,,,
True,20000,st_line_assym,aneesh_mrpp3,4,,ane49,51.9208520852085,0,179,,,,,,,
True,20000,st_line_assym,aneesh_mrpp3,1,,ane35,71.5340137075392,0,194,,,,,,,
True,20000,circle,aneesh_mrpp3,1,,ane58,108.429787695335,0,226,,,,,,,
True,20000,iitb,aneesh_mrpp3,6,,ane81,86.7420416666667,0,639,,,,,,,
True,20000,cair,aneesh_mrpp3,6,,ane50,51.2625497242564,0,276,,,,,,,
True,20000,grid_5_5,aneesh_mrpp3,6,,ane24,62.235912212755,0,403,,,,,,,
True,20000,cair,aneesh_mrpp3,6,,ane78,39.2687273252551,0,262,,,,,,,
True,20000,st_line_assym,aneesh_mrpp3,2,,ane42,65.1546241184415,0,197,,,,,,,
True,20000,st_line,aneesh_mrpp3,4,,ane48,96.4215871587159,0,363,,,,,,,
True,20000,grid_5_5,aneesh_mrpp3,6,,ane52,61.332734,0,335,,,,,,,
True,20000,ladder,aneesh_mrpp3,1,,ane5,211.096264325595,0,619,,,,,,,
True,20000,ladder,aneesh_mrpp3,2,,ane12,140.124265073493,0,535,,,,,,,
True,20000,iitb,aneesh_mrpp3,1,,ane60,352.061338770473,0,1439,,,,,,,
True,20000,ladder,aneesh_mrpp3,2,,ane68,192.807682688941,0,475,,,,,,,
True,20000,ladder,aneesh_mrpp3,4,,ane75,79.7516752577319,0,460,,,,,,,
True,20000,st_line,aneesh_mrpp3,2,,ane13,124.544452781112,0,381,,,,,,,
True,20000,st_line,aneesh_mrpp3,4,,ane76,98.511285,0,367,,,,,,,
True,20000,iitb,aneesh_mrpp3,4,,ane74,122.3864125,0,642,,,,,,,
True,20000,circle,aneesh_mrpp3,6,,ane23,60.5055119488051,0,216,,,,,,,
True,20000,ladder,aneesh_mrpp3,1,,ane33,212.246904690469,0,628,,,,,,,
True,20000,grid_5_5,aneesh_mrpp3,2,,ane66,142.840973477465,0,620,,,,,,,
True,20000,iitb,aneesh_mrpp3,6,,ane53,90.8779191878782,0,652,,,,,,,
True,20000,st_line,aneesh_mrpp3,2,,ane41,124.069414587812,0,383,,,,,,,
True,20000,ladder,aneesh_mrpp3,6,,ane82,65.6908819171223,0,389,,,,,,,
True,20000,st_line,aneesh_mrpp3,6,,ane27,102.870912908709,0,379,,,,,,,
True,20000,cair,aneesh_mrpp3,4,,ane71,60.4388111788583,0,295,,,,,,,
True,20000,grid_5_5,aneesh_mrpp3,1,,ane59,222.145724681625,0,688,,,,,,,
True,20000,cair,aneesh_mrpp3,2,,ane8,97.3389241790182,0,464,,,,,,,
True,20000,st_line_assym,aneesh_mrpp3,2,,ane14,63.8502401921537,0,198,,,,,,,
True,20000,circle,aneesh_mrpp3,2,,ane65,96.4102868620196,0,229,,,,,,,
True,20000,circle,aneesh_mrpp3,4,,ane16,65.6352291666667,0,218,,,,,,,
True,20000,circle,aneesh_mrpp3,1,,ane2,108.356154218153,0,225,,,,,,,
True,20000,grid_5_5,aneesh_mrpp3,6,,ane80,60.181157569516,0,392,,,,,,,
True,20000,iitb,aneesh_mrpp3,2,,ane11,189.648987337882,0,741,,,,,,,
True,20000,st_line,aneesh_mrpp3,6,,ane55,102.46349,0,380,,,,,,,
new,new,new,new,new,new,new,new,new,new,,,,,,,
